{
  "stages": {
    "log": {
      "p50_ms": 0.07605552673339844,
      "p95_ms": 0.07605552673339844
    },
    "summary": {
      "p50_ms": 0.15091896057128906,
      "p95_ms": 0.15091896057128906
    },
    "digest": {
      "p50_ms": 0.014781951904296875,
      "p95_ms": 0.014781951904296875
    },
    "nav": {
      "p50_ms": 0.47516822814941406,
      "p95_ms": 0.47516822814941406
    },
    "egspace": {
      "p50_ms": 0.7789134979248047,
      "p95_ms": 0.7789134979248047
    }
  },
  "run_count": 1
}